-- phpMyAdmin SQL Dump
-- version 5.2.1
-- https://www.phpmyadmin.net/
--
-- Host: localhost
-- Creato il: Mag 02, 2024 alle 21:21
-- Versione del server: 10.4.28-MariaDB
-- Versione PHP: 8.2.4

SET SQL_MODE = "NO_AUTO_VALUE_ON_ZERO";
START TRANSACTION;
SET time_zone = "+00:00";


/*!40101 SET @OLD_CHARACTER_SET_CLIENT=@@CHARACTER_SET_CLIENT */;
/*!40101 SET @OLD_CHARACTER_SET_RESULTS=@@CHARACTER_SET_RESULTS */;
/*!40101 SET @OLD_COLLATION_CONNECTION=@@COLLATION_CONNECTION */;
/*!40101 SET NAMES utf8mb4 */;

--
-- Database: `eco_group`
--

--
-- Dump dei dati per la tabella `aziende`
--

INSERT INTO `aziende` (`codAzienda`, `username`, `mail`, `citta`, `cap`, `codAteco`, `password`, `DIMENSIONE_dimensione`) VALUES
(1, 'azienda 1', 'lia_davide@yahoo.it', 'Cesena', '4752321', '12913', '$2y$10$/6jjTKC96hxjIUlfqpcmhePtBYlxsFQCm3C6W21.RBwD2e/2x8w8e', 'media'),
(2, 'azienda2', 'ferarluca3@gmail.com', 'Cesena', '4752321', '1233124', '$2y$10$O4cGgF6I9WczWDhYM2EdeeNv96rYlL.w7NVVzfn.ATz2SVXDdftFy', 'media');

--
-- Dump dei dati per la tabella `categorie`
--

INSERT INTO `categorie` (`codCategoria`, `nomeCategoria`) VALUES
(8, 'Maturità aziendale'),
(6, 'Parametri Agile'),
(4, 'Parametri green'),
(5, 'Parametri lean'),
(7, 'Parametri resilient'),
(9, 'Risorse input-output');

--
-- Dump dei dati per la tabella `codici_azienda`
--

INSERT INTO `codici_azienda` (`AZIENDE_codAzienda`, `CODICI_CER_codiceCER`) VALUES
(1, '023912'),
(1, '13841'),
(2, '0909'),
(2, '12381');

--
-- Dump dei dati per la tabella `codici_cer`
--

INSERT INTO `codici_cer` (`codiceCER`) VALUES
('023912'),
('0909'),
('12381'),
('13841');

--
-- Dump dei dati per la tabella `dimensioni`
--

INSERT INTO `dimensioni` (`dimensione`) VALUES
('grande'),
('media'),
('piccola');

--
-- Dump dei dati per la tabella `domande`
--

INSERT INTO `domande` (`codDomanda`, `positiva`, `testo`, `CATEGORIE_idCATEGORIA`, `moderatori_codModeratore`) VALUES
(10, 1, 'L\'azienda è certificata ISO 14001?', 'Parametri green', 1),
(11, 1, 'L\'azienda è certificata ISO 14020?', 'Parametri green', 1),
(12, 1, 'L\'azienda è certificata ISO 14021?', 'Parametri green', 1),
(13, 1, 'L\'azienda è certificata ISO 14024?', 'Parametri green', 1),
(14, 1, 'L\'azienda è certificata ISO 14025?', 'Parametri green', 1),
(15, 1, 'L\'azienda è certificata ISO 14040?', 'Parametri green', 1),
(16, 1, 'L\'azienda è certificata ISO 14044?', 'Parametri green', 1),
(17, 1, 'L\'azienda è certificata ISO 14064?', 'Parametri green', 1),
(18, 1, 'L\'azienda è certificata ISO 14067?', 'Parametri green', 1),
(19, 1, 'L\'azienda è certificata EMAS?', 'Parametri green', 1),
(20, 1, 'L\'azienda è conforme al GRI 300?', 'Parametri green', 1),
(21, 1, 'E\' presente un bilancio di sostenibilità annuale? ', 'Parametri green', 1),
(22, 1, 'L\'attività economica principale dell\'azienda è conforme alla tassonomia UE?', 'Parametri green', 1),
(23, 1, 'Sono utilizzate materie prime seconde (anche rilavorate/riciclate) nel processi produttivi?', 'Parametri green', 1),
(24, 1, 'Con quale frequenza l\'azienda riceve sanzioni per le esternalità aziendali?', 'Parametri green', 1),
(25, 1, 'C\'è stata una riduzione del consumo di acqua nell\'ultimo triennio?', 'Parametri green', 1),
(26, 1, 'C\'è stata una riduzione del consumo di energia elettrica nell\'ultimo triennio?', 'Parametri green', 1),
(27, 1, 'C\'è stata una riduzione del consumo di energia termica nell\'ultimo triennio?', 'Parametri green', 1),
(28, 1, 'C\'è stato un aumento del riutilizzo delle aque reflue nell\'ultimo triennio?', 'Parametri green', 1),
(29, 1, 'Quanto sono utilizzate le fonti di energia rinnovabili?', 'Parametri green', 1),
(30, 1, 'Quanto sono stati utilizzati i veicoli sostenibili?', 'Parametri green', 1),
(31, 1, 'Qual è la familiarità dell\'azienda con pratiche di eco-design?', 'Parametri green', 1),
(32, 1, 'Qual è la familiarità dell\'azienda con la gestione sostenibile dell\'End of life?', 'Parametri green', 1),
(33, 1, 'Qual è la familiarità dell\'azienda con il packaging sostenibilie?', 'Parametri green', 1),
(34, 1, 'Sono previsti corsi di formazione sulla sostenibilità per il personale dell\'azienda?', 'Parametri green', 1),
(35, 1, 'Esiste una certificazione Lean Six Sigma o similare(come la Total Production System, ad esempio)?', 'Parametri lean', 1),
(36, 1, 'L\'azienda è certificata ISO 9001?', 'Parametri lean', 1),
(37, 1, 'È possibile garantire una fornitura giornaliera da parte dei fornitori?', 'Parametri lean', 1),
(38, 1, 'Vengono instaurati rapporti lungo termine con i fornitori?', 'Parametri lean', 1),
(39, 1, 'Viene applicata una strategia \"Milk Run\"?', 'Parametri lean', 1),
(40, 1, 'Viene utilizzata la filosofia della produzione Just-In-Time?', 'Parametri lean', 1),
(41, 1, 'Il sistema di produzione è di tipo \"Pull\"?', 'Parametri lean', 1),
(42, 1, 'Viene utilizzato il metodo Kanban?', 'Parametri lean', 1),
(43, 1, 'Viene utilizzata la Cellular Manufacturing?', 'Parametri lean', 1),
(44, 1, 'Vengono svolte attività di Total Productive Maintenance(TPM)?', 'Parametri lean', 1),
(45, 1, 'Viene utilizzato un approccio gestionale Total Quality Management(TQM)?', 'Parametri lean', 1),
(46, 1, 'Vengono utilizzati strumenti di Visual Management?', 'Parametri lean', 1),
(47, 1, 'Come valutereste la completezza e l\'accuratezza dei database aziendali?', 'Parametri lean', 1),
(48, 1, 'Il Lead Time medio è diminuito negli ultimi anni?', 'Parametri lean', 1),
(49, 1, 'Il tempo di ciclo è compatibile con il Tackt Time (ritmo della produzione)?', 'Parametri lean', 1),
(50, 1, 'Il livello totale delle scorte sta diminuendo negli ultimi anni?', 'Parametri lean', 1),
(51, 1, 'La distanza totale percorsa dai prodotti nello stabilimento sta diminuendo negli ultimi anni?', 'Parametri lean', 1),
(52, 1, 'La percentuale di attività non a valore aggiunto sta diminuendo negli ultimi anni?', 'Parametri lean', 1),
(53, 1, 'Le ore di  inattività sono diminuite negli ultimi anni?', 'Parametri lean', 1),
(54, 1, 'Vengono utilizzati principi di ergonomia sul posto di lavoro?', 'Parametri lean', 1),
(55, 1, 'il numero di \"problemi aperti\" sta diminuendo negli ultimi anni?', 'Parametri lean', 1),
(56, 1, 'Il tasso di interruzione della produzione sta diminuendo negli ultimi anni?', 'Parametri lean', 1),
(57, 1, 'Come valutereste il valore medio settimanale dell\'indice OEE (Overall Equipment Effectiveness)?', 'Parametri lean', 1),
(58, 1, 'Esiste una certificazione SAFe(Scaled Agile Framework)?', 'Parametri Agile', 1),
(59, 1, 'Esiste una certificazione ICP-ATF(Agile Team Facilitation)?', 'Parametri Agile', 1),
(60, 1, 'Esiste una certificazione PMI-ACP(Agile Project Management)?', 'Parametri Agile', 1),
(61, 1, 'L\'azienda è flessibile ai cambiamenti della domanda?', 'Parametri Agile', 1),
(62, 1, 'Esiste un flusso informativo costante all\'interno dell\'azienda su ciò che accade lungo la catena di fornitura?', 'Parametri Agile', 1),
(63, 1, 'Il servizio clienti è efficiente?', 'Parametri Agile', 1),
(64, 1, 'I sistemi intelligenti (sensori, cloud, ecc.), tipici dell\'industria 4.0, sono utilizzati nelle varie aree aziendali?', 'Parametri Agile', 1),
(65, 1, 'Come valutereste il tasso di rotazione delle scorte? (Quantità di vendite / Livello medio di intervento)', 'Parametri Agile', 1),
(66, 1, 'Viene utilizzata la strategia del \"Postponement\"?', 'Parametri Agile', 1),
(67, 1, 'Viene utilizzata la tecnica di Collaborative Manufacturing?', 'Parametri Agile', 1),
(68, 1, 'Vengono effettuate simulazioni in tempo reale per essere sempre consapevoli di ciò che sta accadendo?', 'Parametri Agile', 1),
(69, 1, 'Esiste una certificazione ISO 22316?', 'Parametri resilient', 1),
(70, 1, 'Viene adottata la strategia del Flexible Fulfillment?', 'Parametri resilient', 1),
(71, 1, 'Sono previste scorte strategiche?', 'Parametri resilient', 1),
(72, 1, 'Sono previsti fornitori \"multipli\"?', 'Parametri resilient', 1),
(73, 1, 'Esistono fornitori di riserva/backup?', 'Parametri resilient', 1),
(74, 1, 'Il livello delle scorte di materie prime critiche è elevato?', 'Parametri resilient', 1),
(75, 1, 'Esiste una visione chiara dell\'inventario e delle attività?', 'Parametri resilient', 1),
(76, 1, 'Sono previsti corsi di aggiornamento sulla gestione/prevenzione dei rischi?', 'Parametri resilient', 1),
(77, 1, 'Viene adottata la strategia del lavoro collaborativo?', 'Parametri resilient', 1),
(78, 1, 'I vari canali di distribuzione hanno sempre gestito in modo efficiente le interruzioni impreviste?', 'Parametri resilient', 1),
(79, 1, 'I dati aziendali possono essere condivisi con altri?', 'Maturità aziendale', 1),
(80, 1, 'In che misura la politica sulla privacy dell\'azienda è permissiva?', 'Maturità aziendale', 1),
(81, 1, 'In che misura i database aziendali sono dettagliati e completi?', 'Maturità aziendale', 1),
(82, 1, 'In che misura i database aziendali sono recuperabili e disponibili?', 'Maturità aziendale', 1),
(83, 1, 'Qual è la familiarità dell\'azienda con l\'uso di piattaforme digitali?', 'Maturità aziendale', 1),
(84, 1, 'Qual è il grado di familiarità dell\'azienda con l\'uso delle tecnologie dell\'industria 4.0?', 'Maturità aziendale', 1),
(85, 1, 'Qual è la propensione dell\'azienda a fidarsi di altre aziende e a creare partnership?', 'Maturità aziendale', 1),
(86, 1, 'In che misura l\'azienda è flessibile ai cambiamenti e alle innovazioni?', 'Maturità aziendale', 1),
(87, 1, 'In che misura l\'azienda è aperta a partecipare a nuovi progetti?', 'Maturità aziendale', 1),
(88, 1, 'Con quale frequenza l\'azienda riceve sanzioni?', 'Maturità aziendale', 1),
(89, 1, 'In che misura l\'azienda ha in output acque reflue da poter condividere?', 'Risorse input-output', 1),
(90, 1, 'Con quale frequenza l\'azienda ha in output acque reflue da poter condividere?', 'Risorse input-output', 1),
(91, 1, 'Di quanta acqua ha bisogno l\'azienda per le sue attività commerciali (in input)?', 'Risorse input-output', 1),
(92, 1, 'Con quale frequenza l\'azienda ha bisogno di acqua per le sue attività (in input)?', 'Risorse input-output', 1),
(93, 1, 'Quanto è efficiente il monitoraggio dell\'input-output dell\'acqua nell\'azienda?', 'Risorse input-output', 1),
(94, 1, 'In che misura le acque reflue vengono recuperate o riutilizzate?', 'Risorse input-output', 1),
(95, 1, 'In che misura l\'azienda ha in output eccedenze energetiche da poter condividere?', 'Risorse input-output', 1),
(96, 1, 'Con quale frequenza l\'azienda ha in output eccedenze energetiche da poter condividere?', 'Risorse input-output', 1),
(97, 1, 'Di quanta energia ha bisogno l\'azienda per le sue attività commerciali (in input)?', 'Risorse input-output', 1),
(98, 1, 'Con quale frequenza l\'azienda ha bisogno di energia per le sue attività (in input)?', 'Risorse input-output', 1),
(99, 1, 'Quanto è efficiente il monitoraggio dell\'input-output energetico in azienda?', 'Risorse input-output', 1),
(100, 1, 'In che misura le eccedenze energetiche vengono recuperate o riutilizzate?', 'Risorse input-output', 1),
(101, 1, 'In che misura l\'azienda ha in output sottoprodotti o scarti industriali da poter condividere?', 'Risorse input-output', 1),
(102, 1, 'Di quanti sottoprodotti o scarti industriali potrebbe aver bisogno l\'azienda per le sue attività commerciali (in input)?', 'Risorse input-output', 1),
(103, 1, 'Con quale frequenza l\'azienda potrebbe aver bisogno di sottoprodotti o scarti industriali per le sue attività (in input)?', 'Risorse input-output', 1),
(104, 1, 'Quanto è efficiente il monitoraggio dei materiali in entrata e in uscita nell\'azienda?', 'Risorse input-output', 1),
(105, 1, 'In che misura i sottoprodotti o gli scarti industriali vengono riciclati o riutilizzati?', 'Risorse input-output', 1);

--
-- Dump dei dati per la tabella `moderatori`
--

INSERT INTO `moderatori` (`codModeratore`, `mail`, `username`, `password`) VALUES
(1, 'ferarluca@gmail.com', 'lucone113', '$2y$10$.UkAvACHBS2VDSAQDsKXreJ4o02KfkZXytx1a993sxsuKbR9yh/ze');

--
-- Dump dei dati per la tabella `scelte`
--

INSERT INTO `scelte` (`codScelta`, `valore`, `peso`, `domande_codDomanda`) VALUES
(29, 'no', 0, 10),
(30, 'non lo so', 0.5, 10),
(31, 'si', 1, 10),
(32, 'no', 0, 11),
(33, 'non lo so', 0.5, 11),
(34, 'si', 1, 11),
(35, 'no', 0, 12),
(36, 'non lo so', 0.5, 12),
(37, 'si', 1, 12),
(38, 'no', 0, 13),
(39, 'non lo so', 0.5, 13),
(40, 'si', 1, 13),
(41, 'no', 0, 14),
(42, 'non lo so', 0.5, 14),
(43, 'si', 1, 14),
(44, 'no', 0, 15),
(45, 'non lo so', 0.5, 15),
(46, 'si', 1, 15),
(47, 'no', 0, 16),
(48, 'non lo so', 0.5, 16),
(49, 'si', 1, 16),
(50, 'no', 0, 17),
(51, 'non lo so', 0.5, 17),
(52, 'si', 1, 17),
(53, 'no', 0, 18),
(54, 'non lo so', 0.5, 18),
(55, 'si', 1, 18),
(56, 'no', 0, 19),
(57, 'non lo so', 0.5, 19),
(58, 'si', 1, 19),
(59, 'no', 0, 20),
(60, 'non lo so', 0.5, 20),
(61, 'si', 1, 20),
(62, 'no', 0, 21),
(63, 'non lo so', 0.5, 21),
(64, 'si', 1, 21),
(65, 'no', 0, 22),
(66, 'non lo so', 0.5, 22),
(67, 'si', 1, 22),
(68, 'no', 0, 23),
(69, 'non lo so', 0.2, 23),
(70, 'non molto', 0.4, 23),
(71, 'normale', 0.6, 23),
(72, 'molto', 0.8, 23),
(73, 'estremamente', 1, 23),
(74, 'regolarmente', 0, 24),
(75, 'non lo so', 0.2, 24),
(76, 'ricevute spesso', 0.4, 24),
(77, 'ricevute avvolte', 0.6, 24),
(78, 'raramente', 0.8, 24),
(79, 'mai ricevute', 1, 24),
(80, 'no', 0, 25),
(81, 'non lo so', 0.5, 25),
(82, 'si', 1, 25),
(83, 'no', 0, 26),
(84, 'non lo so', 0.5, 26),
(85, 'si', 1, 26),
(86, 'no', 0, 27),
(87, 'non lo so', 0.5, 27),
(88, 'si', 1, 27),
(89, 'no', 0, 28),
(90, 'non lo so', 0.5, 28),
(91, 'si', 1, 28),
(92, 'mai', 0, 29),
(93, 'raramente', 0.2, 29),
(94, 'a volte', 0.4, 29),
(95, 'non lo so', 0.6, 29),
(96, 'spesso', 0.8, 29),
(97, 'sempre', 1, 29),
(98, 'mai', 0, 30),
(99, 'raramente', 0.2, 30),
(100, 'a volte', 0.4, 30),
(101, 'non lo so', 0.6, 30),
(102, 'spesso', 0.8, 30),
(103, 'sempre', 1, 30),
(104, 'non familiare', 0, 31),
(105, 'non lo so', 0.25, 31),
(106, 'leggermente familiare', 0.5, 31),
(107, 'moderatamente familiare', 0.75, 31),
(108, 'estremamente familiare', 1, 31),
(109, 'non familiare', 0, 32),
(110, 'non lo so', 0.2, 32),
(111, 'leggermente familiare', 0.4, 32),
(112, 'moderatamente familiare', 0.6, 32),
(113, 'molto familiare', 0.8, 32),
(114, 'estremamente familiare', 1, 32),
(115, 'non familiare', 0, 33),
(116, 'non lo so', 0.2, 33),
(117, 'leggermente familiare', 0.4, 33),
(118, 'moderatamente familiare', 0.6, 33),
(119, 'molto familiare', 0.8, 33),
(120, 'estremamente familiare', 1, 33),
(121, 'no', 0, 34),
(122, 'non lo so', 0.5, 34),
(123, 'si', 1, 34),
(124, 'no', 0, 35),
(125, 'non lo so', 0.5, 35),
(126, 'si', 1, 35),
(127, 'no', 0, 36),
(128, 'non lo so', 0.5, 36),
(129, 'si', 1, 36),
(130, 'mai', 0, 37),
(131, 'non lo so', 0.2, 37),
(132, 'raramente', 0.4, 37),
(133, 'a volte', 0.6, 37),
(134, 'spesso', 0.8, 37),
(135, 'sempre', 1, 37),
(136, 'mai', 0, 38),
(137, 'non lo so', 0.2, 38),
(138, 'raramente', 0.4, 38),
(139, 'a volte', 0.6, 38),
(140, 'spesso', 0.8, 38),
(141, 'sempre', 1, 38),
(142, 'no', 0, 39),
(143, 'non lo so', 0.5, 39),
(144, 'si', 1, 39),
(145, 'no', 0, 40),
(146, 'non lo so', 0.5, 40),
(147, 'si', 1, 40),
(148, 'no', 0, 41),
(149, 'non lo so', 0.5, 41),
(150, 'si', 1, 41),
(151, 'no', 0, 42),
(152, 'non lo so', 0.5, 42),
(153, 'si', 1, 42),
(154, 'no', 0, 43),
(155, 'non lo so', 0.5, 43),
(156, 'si', 1, 43),
(157, 'mai', 0, 44),
(158, 'non lo so', 0.2, 44),
(159, 'raramente', 0.4, 44),
(160, 'a volte', 0.6, 44),
(161, 'spesso', 0.8, 44),
(162, 'sempre', 1, 44),
(163, 'no', 0, 45),
(164, 'non lo so', 0.5, 45),
(165, 'si', 1, 45),
(166, 'no', 0, 46),
(167, 'non lo so', 0.5, 46),
(168, 'si', 1, 46),
(169, 'molto scarso', 0, 47),
(170, 'non lo so', 0.2, 47),
(171, 'scarso', 0.4, 47),
(172, 'discreto', 0.6, 47),
(173, 'buono', 0.8, 47),
(174, 'eccellente', 1, 47),
(175, 'no', 0, 48),
(176, 'non lo so', 0.2, 48),
(177, 'non molto', 0.4, 48),
(178, 'normale', 0.6, 48),
(179, 'molto', 0.8, 48),
(180, 'Estremamente', 1, 48),
(181, 'no', 0, 49),
(182, 'non lo so', 0.5, 49),
(183, 'si', 1, 49),
(184, 'no', 0, 50),
(185, 'non lo so', 0.2, 50),
(186, 'non motlo', 0.4, 50),
(187, 'normale', 0.6, 50),
(188, 'molto', 0.8, 50),
(189, 'estremamente', 1, 50),
(190, 'no', 0, 51),
(191, 'non lo so', 0.2, 51),
(192, 'non molto', 0.4, 51),
(193, 'normale', 0.6, 51),
(194, 'molto', 0.8, 51),
(195, 'estremamente', 1, 51),
(196, 'no', 0, 52),
(197, 'non lo so', 0.2, 52),
(198, 'non molto', 0.4, 52),
(199, 'normale', 0.6, 52),
(200, 'molto', 0.8, 52),
(201, 'estremamente', 1, 52),
(202, 'no', 0, 53),
(203, 'non lo so', 0.2, 53),
(204, 'non molto', 0.4, 53),
(205, 'normale', 0.6, 53),
(206, 'molto', 0.8, 53),
(207, 'estremamente', 1, 53),
(208, 'no', 0, 54),
(209, 'non lo so', 0.2, 54),
(210, 'non molto', 0.4, 54),
(211, 'normale', 0.6, 54),
(212, 'molto', 0.8, 54),
(213, 'estremamente', 1, 54),
(214, 'no', 0, 55),
(215, 'non lo so', 0.2, 55),
(216, 'non molto', 0.4, 55),
(217, 'normale', 0.6, 55),
(218, 'molto', 0.8, 55),
(219, 'estremamente', 1, 55),
(220, 'no', 0, 56),
(221, 'non lo so', 0.2, 56),
(222, 'non molto', 0.4, 56),
(223, 'normale', 0.6, 56),
(224, 'molto', 0.8, 56),
(225, 'estremamente', 1, 56),
(226, 'molto scarso', 0, 57),
(227, 'non lo so', 0.2, 57),
(228, 'scarso', 0.4, 57),
(229, 'discreto', 0.6, 57),
(230, 'buono', 0.8, 57),
(231, 'eccellente', 1, 57),
(232, 'no', 0, 58),
(233, 'non lo so', 0.5, 58),
(234, 'si', 1, 58),
(235, 'no', 0, 59),
(236, 'non lo so', 0.5, 59),
(237, 'si', 1, 59),
(238, 'no', 0, 60),
(239, 'non lo so', 0.5, 60),
(240, 'si', 1, 60),
(241, 'no', 0, 61),
(242, 'non lo so', 0.2, 61),
(243, 'non molto', 0.4, 61),
(244, 'normale', 0.6, 61),
(245, 'molto', 0.8, 61),
(246, 'estremamente', 1, 61),
(247, 'no', 0, 62),
(248, 'non lo so', 0.5, 62),
(249, 'si', 1, 62),
(250, 'no', 0, 63),
(251, 'non lo so', 0.2, 63),
(252, 'non molto', 0.4, 63),
(253, 'normale', 0.6, 63),
(254, 'molto', 0.8, 63),
(255, 'estremamente', 1, 63),
(256, 'no', 0, 64),
(257, 'non lo so', 0.2, 64),
(258, 'non molto', 0.4, 64),
(259, 'normale', 0.6, 64),
(260, 'molto', 0.8, 64),
(261, 'estremamente', 1, 64),
(262, 'molto scarso', 0, 65),
(263, 'non lo so', 0.2, 65),
(264, 'discreto', 0.4, 65),
(265, 'buono', 0.6, 65),
(266, 'buono', 0.8, 65),
(267, 'eccellente', 1, 65),
(268, 'no', 0, 66),
(269, 'non lo so', 0.5, 66),
(270, 'si', 1, 66),
(271, 'mai', 0, 67),
(272, 'non lo so', 0.2, 67),
(273, 'raramente', 0.4, 67),
(274, 'a volte', 0.6, 67),
(275, 'spesso', 0.8, 67),
(276, 'sempre', 1, 67),
(277, 'mai', 0, 68),
(278, 'non lo so', 0.2, 68),
(279, 'raramente', 0.4, 68),
(280, 'a volte', 0.6, 68),
(281, 'spesso', 0.8, 68),
(282, 'sempre', 1, 68),
(283, 'no', 0, 69),
(284, 'non lo so', 0.5, 69),
(285, 'si', 1, 69),
(286, 'mai', 0, 70),
(287, 'non lo so', 0.2, 70),
(288, 'raramente', 0.4, 70),
(289, 'a volte', 0.6, 70),
(290, 'spesso', 0.8, 70),
(291, 'sempre', 1, 70),
(292, 'no', 0, 71),
(293, 'non lo so', 0.5, 71),
(294, 'si', 1, 71),
(295, 'no', 0, 72),
(296, 'non lo so', 0.5, 72),
(297, 'si', 1, 72),
(298, 'no', 0, 73),
(299, 'non lo so', 0.5, 73),
(300, 'si', 1, 73),
(301, 'mai', 0, 74),
(302, 'non lo so', 0.2, 74),
(303, 'raramente', 0.4, 74),
(304, 'a volte', 0.6, 74),
(305, 'spesso', 0.8, 74),
(306, 'sempre', 1, 74),
(307, 'no', 0, 75),
(308, 'non lo so', 0.2, 75),
(309, 'non molto', 0.4, 75),
(310, 'normale', 0.6, 75),
(311, 'molto', 0.8, 75),
(312, 'estremamente', 1, 75),
(313, 'mai', 0, 76),
(314, 'non lo so', 0.2, 76),
(315, 'raramente', 0.4, 76),
(316, 'a volte', 0.6, 76),
(317, 'spesso', 0.8, 76),
(318, 'sempre', 1, 76),
(319, 'mai', 0, 77),
(320, 'non lo so', 0.2, 77),
(321, 'raramente', 0.4, 77),
(322, 'a volte', 0.6, 77),
(323, 'spesso', 0.8, 77),
(324, 'sempre', 1, 77),
(325, 'mai', 0, 78),
(326, 'non lo so', 0.2, 78),
(327, 'raramente', 0.4, 78),
(328, 'a volte', 0.6, 78),
(329, 'spesso', 0.8, 78),
(330, 'sempre', 1, 78),
(331, 'mai', 0, 79),
(332, 'non lo so', 0.2, 79),
(333, 'raramente', 0.4, 79),
(334, 'a volte', 0.6, 79),
(335, 'spesso', 0.8, 79),
(336, 'sempre', 1, 79),
(337, 'per nulla', 0, 80),
(338, 'non lo so', 0.2, 80),
(339, 'basso', 0.4, 80),
(340, 'lieve', 0.6, 80),
(341, 'moderato', 0.8, 80),
(342, 'alto', 1, 80),
(343, 'per nulla', 0, 81),
(344, 'non lo so', 0.2, 81),
(345, 'basso', 0.4, 81),
(346, 'lieve', 0.6, 81),
(347, 'moderato', 0.8, 81),
(348, 'alto', 1, 81),
(349, 'per nulla', 0, 82),
(350, 'non lo so', 0.2, 82),
(351, 'basso', 0.4, 82),
(352, 'lieve', 0.6, 82),
(353, 'moderato', 0.8, 82),
(354, 'alto', 1, 82),
(355, 'non familiare', 0, 83),
(356, 'non lo so', 0.2, 83),
(357, 'leggermente familiare', 0.4, 83),
(358, 'moderatamente familiare', 0.6, 83),
(359, 'molto familiare', 0.8, 83),
(360, 'estremamente familiare', 1, 83),
(361, 'non familiare', 0, 84),
(362, 'non lo so', 0.2, 84),
(363, 'leggermente familiare', 0.4, 84),
(364, 'moderatamente familiare', 0.6, 84),
(365, 'molto familiare', 0.8, 84),
(366, 'estremamente familiare', 1, 84),
(367, 'per nulla', 0, 85),
(368, 'non lo so', 0.2, 85),
(369, 'basso', 0.4, 85),
(370, 'lieve', 0.6, 85),
(371, 'moderato', 0.8, 85),
(372, 'alto', 1, 85),
(373, 'per nulla', 0, 86),
(374, 'non lo so', 0.2, 86),
(375, 'basso', 0.4, 86),
(376, 'lieve', 0.6, 86),
(377, 'moderato', 0.8, 86),
(378, 'alto', 1, 86),
(379, 'per nulla', 0, 87),
(380, 'non lo so', 0.2, 87),
(381, 'basso', 0.4, 87),
(382, 'lieve', 0.6, 87),
(383, 'moderato', 0.8, 87),
(384, 'alto', 1, 87),
(385, 'regolarmente', 0, 88),
(386, 'non lo so', 0.2, 88),
(387, 'ricevute spesso', 0.4, 88),
(388, 'ricevute avvolte', 0.6, 88),
(389, 'raramente ricevute', 0.8, 88),
(390, 'mai ricevute', 1, 88),
(391, 'per nulla', 0, 89),
(392, 'non lo so', 0.2, 89),
(393, 'basso', 0.4, 89),
(394, 'lieve', 0.6, 89),
(395, 'moderato', 0.8, 89),
(396, 'alto', 1, 89),
(397, 'mai', 0, 90),
(398, 'non lo so', 0.2, 90),
(399, 'raramente', 0.4, 90),
(400, 'a volte', 0.6, 90),
(401, 'spesso', 0.8, 90),
(402, 'sempre', 1, 90),
(403, 'per nulla', 0, 91),
(404, 'non lo so', 0.2, 91),
(405, 'basso', 0.4, 91),
(406, 'lieve', 0.6, 91),
(407, 'moderato', 0.8, 91),
(408, 'alto', 1, 91),
(409, 'mai', 0, 92),
(410, 'non lo so', 0.2, 92),
(411, 'raramente', 0.4, 92),
(412, 'a volte', 0.6, 92),
(413, 'spesso', 0.8, 92),
(414, 'sempre', 1, 92),
(415, 'molto scarso', 0, 93),
(416, 'non lo so', 0.2, 93),
(417, 'scarso', 0.4, 93),
(418, 'discreto', 0.6, 93),
(419, 'buono', 0.8, 93),
(420, 'eccellente', 1, 93),
(421, 'mai', 0, 94),
(422, 'non lo so', 0.17, 94),
(423, 'raramente', 0.33, 94),
(424, 'a volte', 0.5, 94),
(425, 'spesso', 0.67, 94),
(426, 'sempre', 0.83, 94),
(427, 'non lo so', 1, 94),
(428, 'per nulla', 0, 95),
(429, 'non lo so', 0.2, 95),
(430, 'basso', 0.4, 95),
(431, 'lieve', 0.6, 95),
(432, 'moderato', 0.8, 95),
(433, 'alto', 1, 95),
(434, 'mai', 0, 96),
(435, 'non lo so', 0.2, 96),
(436, 'raramente', 0.4, 96),
(437, 'a volte', 0.6, 96),
(438, 'spesso', 0.8, 96),
(439, 'sempre', 1, 96),
(440, 'per nulla', 0, 97),
(441, 'non lo so', 0.2, 97),
(442, 'basso', 0.4, 97),
(443, 'lieve', 0.6, 97),
(444, 'moderato', 0.8, 97),
(445, 'alto', 1, 97),
(446, 'mai', 0, 98),
(447, 'non lo so', 0.2, 98),
(448, 'raramente', 0.4, 98),
(449, 'a volte', 0.6, 98),
(450, 'spesso', 0.8, 98),
(451, 'sempre', 1, 98),
(452, 'molto scarso', 0, 99),
(453, 'non lo so', 0.2, 99),
(454, 'scarso', 0.4, 99),
(455, 'discreto', 0.6, 99),
(456, 'buono', 0.8, 99),
(457, 'eccellente', 1, 99),
(458, 'mai', 0, 100),
(459, 'non lo so', 0.2, 100),
(460, 'raramente', 0.4, 100),
(461, 'a volte', 0.6, 100),
(462, 'spesso', 0.8, 100),
(463, 'sempre', 1, 100),
(464, 'per nulla', 0, 101),
(465, 'non lo so', 0.2, 101),
(466, 'basso', 0.4, 101),
(467, 'lieve', 0.6, 101),
(468, 'moderato', 0.8, 101),
(469, 'alto', 1, 101),
(470, 'per nulla', 0, 102),
(471, 'non lo so', 0.2, 102),
(472, 'basso', 0.4, 102),
(473, 'lieve', 0.6, 102),
(474, 'moderato', 0.8, 102),
(475, 'alto', 1, 102),
(476, 'mai', 0, 103),
(477, 'non lo so', 0.2, 103),
(478, 'raramente', 0.4, 103),
(479, 'a volte', 0.6, 103),
(480, 'spesso', 0.8, 103),
(481, 'sempre', 1, 103),
(482, 'molto scarso', 0, 104),
(483, 'non lo so', 0.2, 104),
(484, 'scarso', 0.4, 104),
(485, 'discreto', 0.6, 104),
(486, 'buono', 0.8, 104),
(487, 'eccellente', 1, 104),
(488, 'mai', 0, 105),
(489, 'non lo so', 0.2, 105),
(490, 'raramente', 0.4, 105),
(491, 'a volte', 0.6, 105),
(492, 'spesso', 0.8, 105),
(493, 'sempre', 1, 105);
COMMIT;

/*!40101 SET CHARACTER_SET_CLIENT=@OLD_CHARACTER_SET_CLIENT */;
/*!40101 SET CHARACTER_SET_RESULTS=@OLD_CHARACTER_SET_RESULTS */;
/*!40101 SET COLLATION_CONNECTION=@OLD_COLLATION_CONNECTION */;
